{
  "accuracy": 0.5367000102996826,
  "loss": 0.6890105605125427,
  "val_accuracy": 0.5397999882698059,
  "val_loss": 0.6869015693664551,
  "epoch": 0,
  "global_step": 1000
}