{
  "accuracy": 0.5669999718666077,
  "loss": 0.6840471029281616,
  "val_accuracy": 0.5640000104904175,
  "val_loss": 0.6746275424957275,
  "epoch": 7,
  "global_step": 800
}