{
  "accuracy": 0.9687666893005371,
  "loss": 0.10566411912441254,
  "val_accuracy": 0.9617000222206116,
  "val_loss": 0.1254730522632599,
  "epoch": 4,
  "global_step": 9375
}