{
  "accuracy": 0.5450000166893005,
  "loss": 0.6864022612571716,
  "val_accuracy": 0.5741999745368958,
  "val_loss": 0.6768481731414795,
  "epoch": 0,
  "global_step": 1000
}