{
  "accuracy": 0.9646833539009094,
  "loss": 0.11674834042787552,
  "val_accuracy": 0.9613000154495239,
  "val_loss": 0.1347956657409668,
  "epoch": 4,
  "global_step": 9375
}